{
  "python": 0.6931471805599453,
  "basics": 1.3862943611198906,
  "programming": 0.6931471805599453,
  "language": 1.3862943611198906,
  "tutorial": 1.3862943611198906,
  "machine": 1.3862943611198906,
  "learning": 1.3862943611198906,
  "uses": 1.3862943611198906,
  "data": 1.3862943611198906,
  "and": 0.6931471805599453,
  "algorithms": 1.3862943611198906,
  "youtube": 1.3862943611198906,
  "tutorials": 1.3862943611198906,
  "lessons": 1.3862943611198906,
  "fastapi": 1.3862943611198906,
  "guide": 1.3862943611198906,
  "is": 1.3862943611198906,
  "a": 1.3862943611198906,
  "web": 1.3862943611198906,
  "framework": 1.3862943611198906
}