{
  "python": [
    {
      "doc_id": 1,
      "tf": 0.3333333333333333
    },
    {
      "doc_id": 4,
      "tf": 0.125
    }
  ],
  "basics": [
    {
      "doc_id": 1,
      "tf": 0.16666666666666666
    }
  ],
  "programming": [
    {
      "doc_id": 1,
      "tf": 0.16666666666666666
    },
    {
      "doc_id": 3,
      "tf": 0.14285714285714285
    }
  ],
  "language": [
    {
      "doc_id": 1,
      "tf": 0.16666666666666666
    }
  ],
  "tutorial": [
    {
      "doc_id": 1,
      "tf": 0.16666666666666666
    }
  ],
  "machine": [
    {
      "doc_id": 2,
      "tf": 0.25
    }
  ],
  "learning": [
    {
      "doc_id": 2,
      "tf": 0.25
    }
  ],
  "uses": [
    {
      "doc_id": 2,
      "tf": 0.125
    }
  ],
  "data": [
    {
      "doc_id": 2,
      "tf": 0.125
    }
  ],
  "and": [
    {
      "doc_id": 2,
      "tf": 0.125
    },
    {
      "doc_id": 3,
      "tf": 0.14285714285714285
    }
  ],
  "algorithms": [
    {
      "doc_id": 2,
      "tf": 0.125
    }
  ],
  "youtube": [
    {
      "doc_id": 3,
      "tf": 0.2857142857142857
    }
  ],
  "tutorials": [
    {
      "doc_id": 3,
      "tf": 0.2857142857142857
    }
  ],
  "lessons": [
    {
      "doc_id": 3,
      "tf": 0.14285714285714285
    }
  ],
  "fastapi": [
    {
      "doc_id": 4,
      "tf": 0.25
    }
  ],
  "guide": [
    {
      "doc_id": 4,
      "tf": 0.125
    }
  ],
  "is": [
    {
      "doc_id": 4,
      "tf": 0.125
    }
  ],
  "a": [
    {
      "doc_id": 4,
      "tf": 0.125
    }
  ],
  "web": [
    {
      "doc_id": 4,
      "tf": 0.125
    }
  ],
  "framework": [
    {
      "doc_id": 4,
      "tf": 0.125
    }
  ]
}